x1,x2,x3,y
-0.5064447664493534,-0.9066292267354619,-0.5608717264148471,0.9976555456181555
-0.04952284354314851,0.019341112065749844,0.904171413969058,-0.5023099961075937
1.0,-0.465724595005764,0.4502537092943455,5.06977218464434
-0.10294816456794997,0.277238128607626,0.3837214148134924,0.26716711816556854
0.5989687893041953,0.21832909444030646,-1.0,-2.130513327832754
-0.39133263149827346,0.17766529533348407,-0.5354273822885247,0.2443936885790785
1.0,-0.2815715739557101,-0.7141492931096585,6.658770167499696
-1.0,0.12477501149102777,-0.34890749660070375,-3.3188447793250164
-0.6840089638959643,0.4051461971035577,-0.2665660844533968,-2.4897653308131207
-0.8908218189799684,-0.42045719252600855,0.8435255687030163,2.9864778906199674
-1.0,-1.0,-0.22061089058759054,6.0884110156404905
0.44310253018528933,0.03465447766787344,0.26785045941224084,0.4984980110503512
-1.0,-0.8352155886644861,0.3222088920011221,6.583430163600537
-1.0,1.0,-0.08913616597091245,9.109958737375338
1.0,1.0,-1.0,38.901275171190015
-1.0,-0.36705008138526907,-0.3381232851478817,-2.0434704566434596
1.0,-1.0,-0.5420958306195234,-11.483341092797579
-0.20890904773875496,-0.05791578977054912,0.13265958231923003,-0.34051103148679507
-0.6206809427480264,0.5551240053449282,1.0,4.5858272209288975
0.0737856544586637,0.6299572164734333,1.0,4.196587213965881
-0.28866302131576327,0.07154133175365818,-0.1674913837521752,-0.11416300788865677
1.0,-0.8058629979419276,1.0,-1.1408731672395758
0.2908920790086713,-1.0,1.0,-6.8248790238548
0.20068189830202243,1.0,0.5345834541749697,7.878177435194348
-1.0,0.3278730244588315,0.056510369063137,-5.481300978944956
-0.9658457702551735,0.5640543446790489,-0.403598978955062,-1.294639148597326
0.32934988412801713,-0.8444960632651364,0.37296709466413525,0.9155513838457289
-1.0,-0.9587156359562952,1.0,21.40558760932367
1.0,0.6611636179279601,-0.23205995937433288,6.343548863291921
0.09075172362808748,-0.03890108904896428,0.11293478945859792,0.6342573386204287
0.5541323639099243,0.7084399969987836,-0.029418321881862664,1.6755274923303323
1.0,-0.2780209139116545,-0.878431987790721,6.738464279770828
-0.29318751665728904,0.7983516511490085,-0.4554922316936707,0.6241187084116486
1.0,-1.0,-0.7547223052361343,-16.81368899562034
1.0,-1.0,-0.24689345193369938,-9.133410246466676
-0.5240428342868393,0.7021508298698684,-0.059317511083307295,-0.4646378289457793
-0.8172026061561783,-1.0,0.9520620845340904,7.6876604629635645
0.6086297337543891,-1.0,-0.9019732371175215,-16.811804535697416
0.685283102478699,-0.3507572840534028,-0.3936665175740828,2.20319923320451
0.24094908489761235,0.5347767177524585,-0.8534683588332215,-1.2003856208765837
-0.8738278111313416,-1.0,0.7817324857683803,9.58740636500467
0.5505605972677281,-0.5843697732253399,-1.0,-7.849918170366146
-0.8414540646404469,-0.3145178108833553,0.1968309898964995,-0.485423535324073
0.5302713358555697,0.4387629786838605,-0.03063579043236997,1.6094236720445028
-0.6815457802811489,1.0,1.0,15.898687952932285
-1.0,-0.5176656731692209,-0.6721845738749761,0.8029976375040857
-0.3342599385068592,0.9355963141193202,1.0,13.111187115921455
-1.0,0.5795103234959631,1.0,5.630349713537645
0.35546307310960734,-1.0,0.8220402829112954,-3.474932946900937
0.09676930180702059,0.08805848947446249,-0.39779339252194923,0.5762271916166984
-0.9631165320404735,-1.0,0.8370330159629908,16.193237352167266
0.2810390093288244,0.22447701454503788,-1.0,-2.8668040859819106
0.39459298718046854,0.026059681660192124,0.802490266246181,0.4146472786002393
1.0,-0.5685474113915248,-0.2091772412183217,3.459411502604708
-0.13242187541615213,-0.1174480606745485,-0.9645614506060065,-1.9042787100153191
0.013042071385622078,-0.5266948871205848,0.54357230017328,0.2972321744330011
-1.0,0.5576126149890446,0.06658147577323481,-3.0089519892905363
-0.0160734423952984,0.3017668567764158,-0.5790680802867649,0.29819551958289037
0.8365337589633532,-0.9260042590773843,0.11226046884486895,-1.6304302642397028
-0.9668080599385787,-0.7483535897949056,-0.709291834366993,2.097684224103377
-1.0,-0.2903821435229663,1.0,5.299209518465477
1.0,-0.8669198111436955,-1.0,-11.8404135440656
-0.4959665712426864,-0.1782883988584758,-1.0,-1.1044673378178942
-0.0885265752065918,0.1169347111391672,-0.21335782718074303,0.8874470572935841
-0.5564722446498822,-0.8960618366302067,-0.22789102711208664,2.915076694137313
-0.7857171695808263,0.8554371805142342,1.0,11.67353211926451
-0.9124727295428012,0.7736942330353014,-0.03255739451273221,-1.4047709705244824
-0.5743730629469141,0.7321936246495699,-0.11486021202377183,-0.7215167015905994
0.9750715305238844,0.1949929309121734,-1.0,8.447158449573017
1.0,-0.2820509539891476,0.8284515843000839,7.197108663290573
0.006508401188330515,-0.6657532639627122,0.6072848349388358,0.26993502986054785
-0.13914337150382794,0.9414093939599928,0.3302372671800373,5.085062416666369
0.38961917641894606,0.9270286652961797,-1.0,1.753790628524874
-0.2948884916581376,0.3174202985890655,0.7915640947867524,-0.7304766645840225
0.6087859856208764,1.0,0.9840226815311666,9.928978146630717
0.2462272252568134,-0.6456945190614964,1.0,-3.65157129914466
-0.9335182350450799,0.008670918514394055,0.32676274163068175,-3.044460599786303
0.04816576861669697,-0.7933036811212832,-0.8072403362183043,-3.3726029963977693
-1.0,-0.4819920012190657,0.8567132815287879,4.8071080728490445
0.1572578058504961,0.9410576544261098,-0.8440704762941122,6.135090543314156
-0.327183012260553,-0.3516899107457945,0.4678220955071355,0.2957759640713298
-0.5828259534429088,-0.2624868477086544,1.0,2.513752261814534
1.0,0.011943881325471084,-0.13587158328289495,4.832685962151546
-0.0885057270303935,0.23705947851454368,-0.7820607976937153,-0.5611493299687622
-0.08198292354135295,-0.3327638910340578,-0.8874348104361716,-1.3368194285252488
-0.07435007105860914,1.0,0.20369981549892424,7.052212086376603
-0.7794881218731078,-1.0,-0.12656081807278996,5.785985139321657
1.0,-0.08155773078306283,-1.0,6.984098780097417
-0.8997658409854297,-0.7795740396231126,0.044705066683240924,3.1291806182694866
1.0,-0.34070825577003605,-0.9813251502607931,5.061262535320282
0.24934994038390101,-0.9997553698084816,-0.2093846363345051,1.417133704207961
0.35805632069007687,-0.22997112130356623,0.5868964753039643,1.0915897983906846
1.0,-0.2729933026211748,-0.7992758058222733,6.2970094696956975
-1.0,0.4321312483567852,-0.6613826482052205,3.5153087754987826
-0.9167704936054366,1.0,-1.0,11.343855770948627
-0.8398244864917872,0.2141602289830482,0.6101899480731363,-2.2066457853047394
0.8667002170323082,-0.38859385044337347,0.07660459780303275,2.8699297829093795
-0.32330122789189986,0.22959165144108118,1.0,1.087329700018341
-0.5460810094192121,1.0,-1.0,0.6149986638523177
-0.19166543765727284,0.7605059963886394,-0.31591749372285727,0.8541749150041124
-1.0,-0.3122710005900651,0.4240140727180499,-1.722579533656961
-1.0,-0.5947795315040534,-1.0,5.516173456467899
1.0,-0.3844058643455357,0.5923632490582906,6.180785862168198
0.38810105485970303,-0.14680778394202365,-0.14202980178233404,0.9909051791461557
0.8647181938785244,-0.48182201741403374,0.5438516110000502,2.9554915970610827
-1.0,0.5355950430493341,-0.17261917740298238,-1.7206477452604547
1.0,-0.47028990199682275,1.0,5.416232640158039
-0.2193967893708877,-1.0,1.0,-6.291826678588222
-0.7790083191540211,-0.886158145710181,-0.1344507918558968,4.333865202368642
-0.10000829091793051,-0.688792879590187,-0.4796828022247932,1.1782705323153793
-1.0,1.0,-1.0,20.918684443511523
0.35603524478463844,-1.0,1.0,-7.215561736286847
-1.0,0.13199249699532056,-1.0,12.727852675037735
-0.2847914526102444,0.7419487043331894,-1.0,-3.2775756817818342
-0.419039567507584,0.7793331541193651,0.3486435756427082,0.6736861553108444
-0.9582759741344531,0.45616160554983876,-0.4802316766256336,-0.03628391374763207
-0.20380409974762292,-1.0,0.047787457999106886,3.0890489315112513
-0.6730793053596931,-0.8599884170160885,-0.2611023701495996,2.8216359899508947
1.0,0.8548734254821375,-1.0,22.891805094744875
-1.0,0.04552696013088009,-0.7773840493272477,2.9753565631824257
1.0,-0.5115055269242024,-0.14833988768939332,3.6005290841908044
0.7932770825963751,-0.18617641632044024,1.0,1.9068113130995035
0.18862575868080556,0.22924157586041316,0.945205007746647,0.49792537875199927
0.07266431028244313,-1.0,-1.0,-17.736132154582506
-0.615646132786249,-0.2938426185190248,-0.8506368771631647,0.5416632354746691
-1.0,-0.49845137830593433,-0.09653859712662216,-1.6691558987128599
0.12158848470789652,-0.762301843236616,0.9204524236499969,-2.0344548895176207
-1.0,1.0,1.0,16.526629331987287
-1.0,1.0,1.0,16.9716797134022
1.0,1.0,1.0,26.125355948553974
0.8686467010503638,0.9589341768189685,0.552889538794344,9.867608854494122
1.0,0.7492710803071949,-0.08048395129303465,8.197787451922913
-0.4553171503475619,-0.3929096471355029,-0.20280300666011475,1.1172285786398328
-0.06955448405874232,0.9854198767146993,-0.4000355979136947,7.603748483843635
1.0,0.3161160703464756,1.0,18.428656016389052
-0.681034039150936,-0.4328137856672647,-1.0,1.2083646435234685
0.07584091721844843,-0.6205826771856016,-0.7007972531235951,-0.015769113120444322
-0.04202072339541085,-0.6218360012963191,1.0,-1.907999191584266
-0.7593559633425291,1.0,-0.058682995686998085,4.104877824813722
1.0,-0.21001148830386573,0.4370997757774939,5.674702048089601
-0.7978460818841293,0.9105791542128314,0.428042386236946,-0.20049139421156953
0.0999103157076966,0.5353230544193115,0.7698554572663328,1.4271781283041214
-1.0,-0.4942406449986607,-0.5061376503945005,-1.2129872726250557
-1.0,0.2542127071560145,0.8184635289865654,-2.350125503175559
-1.0,-0.5829751908038561,1.0,10.863599839987248
0.36601802565894004,0.16482399040184847,0.5595365838661555,1.3712216991875672
-0.04089213863880947,-1.0,1.0,-6.06653030917819
-0.5015146655519844,-1.0,-0.35628584184158774,2.717559568404127
1.0,-0.7927548601055665,-0.2669153349775275,0.7446989078912123
0.1887975127487871,-1.0,0.6555265195240236,-0.26203733351300246
0.9072833947613905,-0.644566695140735,0.6991562178539683,2.5220688667347715
0.8681772791287896,0.5817594595767026,-0.036665136143474886,4.368087122198394
-0.23286846146966522,0.020544775937762383,0.6093354457694238,-0.39021264355427765
-0.15573808841445747,0.5183097133960692,-1.0,-4.150861039901427
-0.6440539919518109,0.3403960353781168,-1.0,0.5579097278108968
0.4982063175332303,-0.406140545555411,-1.0,-6.1770258876525075
-0.019033042803933364,-1.0,-0.44513582040920285,0.27049211091496345
0.6247309539573545,-0.11232856411245673,0.1271768678136047,1.9593477988574808
-0.0417918164715807,-0.833519031052329,-0.47192073672454016,1.510113259548957
0.4697609332085404,0.6002434605493991,-1.0,-3.3201997886958234
-0.8579301155672618,-1.0,-1.0,-1.5563276542155489
1.0,-0.6819179483576543,-0.2656726380666079,3.8034640544296208
-1.0,1.0,0.6047654857618467,0.751135387600675
-0.9218902034293797,-0.7191068921180799,-1.0,3.3848385617758017
0.4166374478665289,0.04150771942416065,-0.8767882329139463,-0.11611502583423731
-0.17246989178080385,0.6290195929562472,-0.3124703130987605,-0.1192522670743143
-1.0,-1.0,-1.0,2.8728346693541034
1.0,0.7068099725861485,1.0,25.856583010946345
-0.055922965222678256,-0.5336588641635114,1.0,-1.0185679075787726
0.9130067467509779,-0.22524816382871937,-1.0,0.4871330065944799
0.8109694543452277,-0.12839400592308836,0.03848611999544893,2.27859151352377
1.0,-1.0,-0.5088661211602883,-10.670300027025558
-0.33060106515947996,-0.721048747142822,1.0,0.07228821214641157
0.6368398324708748,0.8787241305920552,0.3308833292177429,4.519113271282354
-0.524016117014128,0.0687143523790581,1.0,2.2286811251133036
-1.0,0.6083975428373114,1.0,6.565760400596914
-1.0,1.0,0.27015438434048566,3.653968189649104
-0.48373890268280983,-1.0,0.002668842339894839,3.9648986531661126
1.0,0.8687552972641448,0.1796237452434406,10.141466751005344
1.0,1.0,-1.0,39.48693073956598
0.2195227678683629,0.43192796921439225,-0.09529742429312171,0.4858736005400245
0.11452966009011689,1.0,-0.04050088753124337,8.508699023353504
1.0,0.27263457132768365,-0.5285547981324763,5.687257085378619
0.5847632473167457,0.6707886496044264,0.21726911397738768,2.5582394325069195
1.0,0.4324144436593975,-0.02719157325146626,6.159303445177926
0.09363053269312482,-1.0,-1.0,-18.77936279688102
0.8426635233298074,-0.1881929499693875,1.0,2.220260500145009
-0.7971145957095089,-0.8583336825037151,0.5110228672128683,4.597932510741566
-0.06006470265091601,-1.0,-0.4555220451224926,1.5351868595484657
-0.7719154238932315,-0.21040284215455163,0.1809445431927159,0.09786973346104666
1.0,-0.9204474369717617,-0.0106281944815243,-2.900713015551256
-0.02406088248380689,-0.07507030660915559,1.0,-0.22500577133050634
1.0,0.06613875572919059,0.971939068760417,12.208318642558627
0.07622839988126517,0.22596968165654086,-0.11862027675499798,0.7112530893100872
-0.6173280967820682,1.0,-0.35456055534551134,4.859593768410901
0.3009987612741234,-0.7015326340882757,-1.0,-9.034087537403341
0.13340597086410488,0.567232474746411,-1.0,-4.686999182507722
1.0,-0.7171515661596575,1.0,2.327078453477255
0.9628349923559063,-0.2005549996900926,-0.024974178444714612,3.738511446874793
0.890611885938134,-0.2521438956846396,-1.0,0.7164469281514203
-0.45875324625169966,0.2447828913216965,0.2068951090797413,-1.2448643865641942
0.12975321431151188,-0.7590203347456086,0.6962307048254823,-0.26200480391166353
-0.06548033330335135,-0.5970009244260162,1.0,-1.6266611247490554
-0.7762277224504004,-0.15466831320884067,1.0,3.6422410961943963
-0.9278509441675951,0.30840685617307173,-1.0,10.782986385611594
0.04668508301699581,-0.9075083352359159,-0.9655215508127226,-11.120244330432413
-0.6521511761424086,-0.4970646234828595,-0.52620823418987,1.313900250339782
-0.4033060795596066,-1.0,0.1184499477808969,3.4224068983717695
-0.3847768911298981,-0.5995791312799232,-1.0,-5.357819778706083
-0.26527431778103683,-0.2632686994497968,0.07333675221734892,0.9138003352553463
0.4993515744981514,-1.0,-1.0,-22.158652120476106
-1.0,0.8693069653852143,-1.0,20.921930525975753
-0.08793466777069359,1.0,1.0,13.833470855051306
-0.9739055355534034,-1.0,0.9740969001490836,18.267670951768135
0.7776453012298115,0.0035867243674416738,-0.8377300623383774,2.3990805263667454
-0.9552314477328687,0.7058415267298963,0.8908686518131748,2.457992678052465
-0.2784921413362369,-0.5582600598511229,-1.0,-4.270987172090611
-1.0,-0.08711100029819874,1.0,4.533920025217886
0.5867093517702333,-0.23067473973718178,-0.8244262186605624,0.42438978045480785
0.10701810181169824,0.369827960727783,0.24785717437928434,-0.02239504489718086
0.7846785192967589,-0.6205916891700951,-0.390089235009609,1.2242148937971593
-0.3910759765879077,-0.9822942682754643,-0.3031709234790658,2.515149175779753
-0.043603901868465744,0.4620267872939725,0.2911967393079382,-0.3004922336510737
0.1996531272652513,0.09317146477206961,0.7778243603052837,0.49919080323637804
0.8342489573847047,-0.5236813478684623,0.10342935145594945,1.2782476350188752
0.34514870811125586,-0.09762346127029797,-0.0018236756708631674,1.4231650548217227
-0.5944325386591978,-0.6985357214896772,-0.7675477353169431,0.2175544807177898
-1.0,1.0,-0.7570086255819473,13.813909534894208
-1.0,0.8326425297926958,-0.13033206856596302,2.565010244628624
0.14444457026105084,0.7211029572665657,0.2683486876539196,0.5471000388962296
0.22280189250005833,-0.764777459203565,1.0,-3.7848452449120726
0.8157514433249908,0.4662290816998613,-0.8342815582009206,1.9506211144568235
-0.6124565533254525,-0.29979890158186717,-0.07543359564036423,-0.15766455100512575
-1.0,-1.0,1.0,22.34246724612607
-0.29151955233086846,0.8174208840897172,0.5131549882320989,2.049773238579312
-1.0,-0.7439996243225149,1.0,14.51013519031689
-0.042452359336946355,-0.8273826701170797,0.3776703577778511,0.778770995893127
-1.0,-1.0,-1.0,2.87849777902135
0.23823469597644298,-0.7006293692622043,-0.12022117954239175,1.6426920259897837
-0.7084331734990332,0.5732751221030512,0.5545505043383967,-1.5124309522146968
0.5854295336822499,-0.6655443481292258,-0.06990788316779906,0.6971117991287525
-1.0,-0.5774828633962137,-0.02324301352211333,-0.4214049066310412
-0.22599551900603632,0.23409099975119108,1.0,1.9837618379610675
-0.03241870157362614,0.4314039524586579,0.6368185194372811,1.3848840926322081
-0.8754492166714252,1.0,0.5646311998544327,1.6623166169953851
-0.7239690410575057,-1.0,-1.0,-6.603449635424709
1.0,-1.0,0.17142152190746862,-8.153719769316556
-0.3598144365016094,0.2982017743024963,0.48181939141169483,-0.9683458796108326
-0.3471181590521284,0.9275045230967967,-0.5576150306610685,3.4634972286209758
-0.5802978533361272,0.8056821178899694,-0.3999530898630703,0.1000176668076454
1.0,-1.0,-1.0,-29.951087298269375
0.6357995046366771,-1.0,0.868530453136239,-4.472748718317807
0.36118770716312265,-0.2540322749458006,1.0,-1.8735948285414896
0.2562766188686181,-0.03753287263285077,0.820329022735838,0.13010546981646925
-0.40435355653961036,1.0,0.950444443761514,13.31498625606777
0.5821742901089497,1.0,-1.0,8.059175100273185
0.5444608685598098,0.21692460548243586,0.3329428282853737,1.0068049303276458
-0.6880569441429265,-0.510736194051753,-0.6099317028851952,1.6867925115187852
0.6804784120787593,1.0,1.0,10.664433488288761
-0.240244891885947,-0.263044843202372,0.04653605781811332,0.7650335143932714
1.0,-1.0,1.0,-10.03981182791045
0.49656128957159495,-0.0100853532180194,1.0,-0.37146783846658255
0.3906704097941922,0.7118711308235806,0.40250310652724797,1.7459662271082408
-1.0,0.2322274996021063,-0.2261397260057889,-3.088360075554228
0.436365183799172,1.0,0.17689771267558796,6.859938951297345
-1.0,-1.0,0.07871303603081459,7.358823326389731
-0.6646837699538077,0.2717324636218166,-0.585480078759506,-1.3258079851485611
1.0,0.1127037343122157,0.08908974588620744,6.152233670885013
-1.0,-0.4720424370048826,0.12595494911304184,-1.5669692563414155
0.4869021458930989,1.0,-0.6435705951112012,11.33768818954827
-0.4259713317529603,0.9100253200818922,1.0,11.945854491737483
-1.0,-0.3437518722763371,1.0,5.457963937385211
0.17952711513221398,-0.40764902783532087,0.059836497520793896,0.6389125551974933
1.0,0.7354822777209435,-1.0,17.418237053124685
0.028215948969970484,-1.0,0.434058143538794,1.3019172647099417
0.30177133490179653,0.25046896097651805,-0.4709968561899682,0.46011179980862993
0.19096468592724802,-0.02684697823118154,-0.19617372012447087,0.6791134243217156
0.3878130119761236,1.0,-0.07029781801730417,8.603359631111127
-0.8901658160514037,0.2854936006115114,-1.0,8.089900047222274
-1.0,-0.421413753025609,0.8073292508900394,2.712843638731302
-0.5009088386676195,-0.5849841434108294,0.29317515214262024,0.9458980430075863
-0.5302419797071685,0.4153123820600191,-0.16113151309936535,-1.2535056478631634
0.21387440908018007,0.056570486154268185,0.0023338709222113785,1.5063748632017677
-0.2219091642809401,0.6997607204642642,1.0,6.690734661077525
-0.5406608709582506,0.0017993213694185162,0.1331281485855389,-0.34010849889521794
-0.3585173617972992,0.3716321156488742,-0.34185957897568287,-0.48858481231015827
0.6615781828810898,-0.43332212034080775,1.0,-2.4888805702467263
-0.07309059178855315,0.3937209563286319,1.0,2.6092269133770536
-1.0,-0.8227153234307589,1.0,16.964370052472436
-1.0,-1.0,-0.11927902845949112,6.608927327962015
0.34169209210128626,1.0,-0.14358627505282562,7.677353954668165
0.022410379564393068,-1.0,0.5018077014860871,1.4999511861348642
-0.15331461902623578,-1.0,-1.0,-15.46864211137229
0.35668615788282443,0.41266338750094933,-0.31147711015922264,0.8752841193022318
0.261954947210187,0.7317103216038376,1.0,5.289127387431608
-1.0,0.06822064427243357,-0.6218411022007366,0.2328684950555729
-0.18525477127536072,0.3120222580748855,-0.4706881668273055,-0.6378264192874163
0.9460164872830501,-0.1480152228403635,0.3616467238869574,3.706449331733734
-1.0,0.9992606144920513,0.6541506776222232,0.805433179794496
-0.5352514175802765,1.0,-0.732792575915002,4.130651651512057
0.3255049985293794,-0.32910461276409575,-1.0,-4.7465545743662805
1.0,-0.7686681077227941,-1.0,-5.919381906595283
0.03517426542102009,0.12328342340564946,-0.47112622103462054,0.700538634232941
0.49560670926021877,-0.17982487367279365,0.5164077376836751,1.6762264078499476
0.5314001707161506,-0.9832481841011997,0.8252982357796714,-2.1562052297864613
-0.7666485781476668,0.7582964539996466,-0.48865195706841713,-1.4585719338659497
0.9147772551653777,0.35628532712923544,0.2220580909786556,5.212330793613505
-1.0,0.27491293938423733,-0.2626129312470298,-3.266568510821299
0.8391524709834328,0.7015082693085477,0.30044049378189897,4.575789788429007
0.7700672612889994,-0.22446446812911058,0.8756590631639898,2.771123359431831
-0.15874404541462384,-0.7331691669998732,-0.40627603370534104,1.3095995861613041
0.6889004056011321,0.9347541907437968,-1.0,5.305612866927785
-0.5045067083308181,0.1388731280399529,-0.20438597466235486,0.25580354152001283
0.2950729816372213,0.6883744249738291,-0.9135597288722366,-1.2695560645389177
1.0,-0.1103237289430008,-0.4731489331556742,4.977398609047432
0.7878595253695972,-1.0,0.13125680552116603,-2.8496656959274604
0.01801489912717469,-0.1814881983934964,1.0,0.057877081599583935
-0.5980130904854462,1.0,-0.2047702465706791,5.992019570409042
0.2596896158788802,-0.22304945801523823,-0.5431800185825861,0.6457713185227933
-0.9749045807680701,-1.0,0.02153348475103134,8.019909583014972
-1.0,0.6891428864870195,0.4971221548394582,-4.012177170509635
-0.8352850243682299,-1.0,-0.07848145502484738,7.135528589623863
-0.14396442434517254,0.23838713691770352,-0.5711871090107958,-0.696733266294366
-0.01593608979257022,1.0,0.8741762836862532,10.915184224874173
-0.5495760739897384,0.5175732729156541,-0.7130984013955934,-1.3413247413779235
-1.0,0.015465202763772501,0.3536132383256734,-3.163427577584005
-0.2573264704749798,0.7077347878494487,-0.8279455547022101,-1.7559965110090778
-0.319828098126115,0.08559730088591366,-1.0,-2.717463895650528
1.0,1.0,1.0,26.824077157265968
-0.503870318264753,-0.8661708037287466,1.0,-0.7268433716452758
1.0,0.7832433683292823,1.0,26.014883732747588
0.7191008757407684,1.0,0.589913684838691,8.245111284138991
0.8704891982538194,-0.1384842169915934,1.0,5.362215298662489
-0.176465883032646,0.6094348173240394,0.4581018179072742,0.08603460724964485
0.6880014937028778,-1.0,0.18566939156319084,-1.977709996519153
-0.5307939631647383,0.04483709205799169,-0.5590025864562271,-0.6866653350928178
1.0,-0.5495767164100092,0.689677609549179,5.003804104854817
-0.47710758322238633,0.9782456519928471,0.9667308650304922,13.291751245218121
-0.5553651916980171,1.0,0.001963841559232238,5.429874758759671
1.0,0.9612900723358226,-1.0,33.78616699340379
0.2605523730508976,0.0829881415928877,-0.1766133921479347,1.3828420354671294
1.0,0.780399167894835,-1.0,19.361302715944802
0.7940259795609168,0.3094525038217897,0.3914698800158325,2.851864237670595
-0.9666274405475137,-0.4908248898243459,-0.675922846269956,1.1272794882505068
-0.23774219865385726,0.26505075823078883,0.4271282470615847,-0.8158660016958542
1.0,-0.7585463740648954,1.0,-0.02073266579442773
1.0,-1.0,-0.48111793252804325,-11.34390299422781
-0.5933042104309227,-0.6695580188960741,1.0,2.229065824535522
-0.31328685524444233,-0.1873845040409392,-0.0518986441186291,0.16845466633084596
0.20356200715615658,0.48257880842764367,-0.6916425421698433,0.7708198061607922
0.7389967502132639,-1.0,0.693353512507838,-2.706976413383674
-1.0,-0.8099583576027172,0.5070457141581919,6.85121915044056
1.0,-0.6400642075938439,-0.31994517749191953,2.02801848935891
0.38666849387143665,0.16553621108172978,0.9611861154287293,-0.07878725302911893
-0.7971747015872541,0.1656796122949742,0.7592496563704638,-0.9203539314602428
-0.46953734478650855,0.3374391967908785,-0.10652802382565407,-1.4863867655677412
1.0,-1.0,1.0,-9.519994101216364
-0.14112179580075224,0.025973609422434984,0.8250668783709405,-0.5741304031842852
1.0,-1.0,0.4817506837956571,-6.449777255499745
0.9037048440798094,1.0,-0.26581596815164454,12.428744472744183
0.08823499512118671,0.08608223579135399,-0.31573765595227954,0.8583062865040774
0.137029236535549,0.4438854414599791,-0.18627517770272584,0.8971938742867362
-0.651320858115608,-1.0,-1.0,-8.850822842134637
1.0,0.5743082437183378,1.0,24.16736284438892
-1.0,-0.7340367692834422,0.13928682900626121,2.0494644025652407
0.3366178953501173,1.0,-0.6057416655927763,10.301591746667988
-0.3542407129284366,-0.05616888089382077,0.096969683780191,-0.7864219498935657
1.0,0.5726072896570895,1.0,23.48603737614079
-0.6633468520820929,-0.9602856356207199,-0.4910855450008469,3.1441470011257655
0.07021316837446756,-0.061295889068814,-0.43397842749963944,0.33003056226883454
-0.19470587302330755,0.7015749699369116,0.053608815832865586,-0.040572137166059064
-1.0,0.43637083408261024,0.14234855482285957,-4.267130564411081
0.06117726565345816,0.043431840690882684,-0.514145882382492,1.1143911806011968
0.1167142060447861,-0.3522451256586294,-0.5707628331718158,0.926987186248421
0.8240618549277474,1.0,0.6916663217512502,10.02173174137718
1.0,-0.1251142552909279,-1.0,7.375693918209036
-0.46498193080167094,-0.24552646676307854,0.09477393037212245,-0.5148981900684234
0.6182646094629369,0.40584796394817135,-0.11476168032296008,1.5493450555766917
1.0,0.43400882492154014,-0.16803071298810202,5.222025949481321
-0.5911073126066488,-0.9602688754420063,1.0,-0.3675680325605257
-1.0,1.0,0.1892079991330866,5.4590897966236875
0.2382396850804378,-0.3729853994297456,-0.8142582447786073,-0.09670724658835009
-1.0,-0.5432748301412811,-0.3332019151955756,-0.7107513914433083
0.20605198435204142,-1.0,-0.5338436010708325,-1.4559033878205498
0.6835290685773714,1.0,-0.4273055491570019,11.69070452145399
-1.0,-1.0,-1.0,3.5937647124886607
-0.6527485845328678,-0.7500212188668995,0.3028717473753446,2.422959963957658
-0.25304666528977693,0.788659759818187,-0.5179754496983195,0.3844331189177467
-1.0,0.5646614678593413,0.1731490512772207,-3.2996772514059645
1.0,-0.08200634700474052,0.7244427356268486,7.623443383416134
0.20042654680094807,1.0,0.15486347334604011,7.603314219582124
-0.44198909884204984,0.6837809680497973,0.5827650774158619,-0.5984482142369627
-0.3435984801552696,-0.07381691890531439,-0.33203635979081714,0.4817335560748585
1.0,-0.9497822504626237,-0.5553559603992728,-6.318739127929965
-0.756422506418921,-0.8330675572940485,0.02380635643483009,3.6606917231793648
-0.007149146982316612,0.5719629086603684,0.924421204080133,2.599656401740157
-0.8488124914524837,1.0,-1.0,5.737553669334446
0.23804948024229167,0.6786123611340467,1.0,4.620694199952242
-0.44982603192571813,0.9966370744982933,-1.0,0.923574213665906
-0.25929885934168473,0.2304645438517543,-0.04143050649100899,-0.570000556001876
-0.5424154158649916,-0.5572461561041853,0.0919260954475285,0.7277523999907151
0.7809788683831329,-0.5343290366454374,0.08048013065377213,1.1677685962335838
-0.7060993447331088,-0.03647919669523203,-0.8292727234104968,1.1554895454703222
-0.05863539842687748,0.08285257077886632,-0.15268192259389668,-0.3760457678497806
-0.20053314059488891,0.0999877677298977,-0.6781342562169488,-0.5006543901956091
-1.0,-0.8157663902702217,0.2876003552007578,5.308706878289736
0.37218832645068267,-0.04320597877362364,0.08234953210536888,1.7936364489657943
-0.3654351486094738,-0.11650745882476476,0.2800139467764313,0.29950737560619567
-0.6213453073961877,-0.6973558167112026,-0.4802476019318225,1.8077186339187896
-0.3757123155221236,-0.8399487488003656,1.0,-1.7690191611460924
0.5944104080881054,0.9168137902345845,0.3056926014279644,4.6629213674227055
-0.5661479873443596,-0.43956997126386965,0.3559857510269926,0.5615949026962685
0.5430668278762756,-0.781499625904919,0.3733854598071178,1.1439267265535835
-0.7117769911946874,-1.0,1.0,2.1411157854517247
-0.3421653886576428,0.6424562181145288,-0.6146307987556525,-1.2806174146405107
1.0,-0.5240520903771955,0.41529609713171345,3.8111109042998144
1.0,-0.29983556621231333,0.49394860289587306,5.179455436468994
0.7884071521319436,1.0,-1.0,15.549368877754382
-0.03206990003324228,0.8071223098283309,-1.0,-3.65163095629427
-0.15494407687021194,0.2761431297952708,0.2193032088801974,0.38509415066797104
1.0,-0.4660758008691337,-0.04309905606760256,4.253924772829784
0.25847017986343856,1.0,1.0,9.588511519818903
0.2673899959976358,0.40210247080767814,0.4093354358664818,1.651260698147784
0.3040979495871359,-1.0,-0.7810937928618995,-8.192531769747273
-1.0,0.4125666185151926,0.6245760040678798,-4.174450605935252
0.0551934559725582,-1.0,-0.9694755824256438,-16.243991118736826
-0.014162449082244288,0.08521500202669507,0.9039052144244535,0.25900040330501395
0.3646444057568414,-0.02667308165154969,0.31493650636482373,0.7638777847884579
0.2774804807147544,-1.0,0.11169076574090897,0.5291868748687518
1.0,0.955181434485876,0.2864352977166036,13.21054805411698
-0.3263740585777448,1.0,-0.1328186267683562,7.400591423233322
-0.10209269211915428,0.9342278769030601,-0.2551507974810201,5.00922436421291
0.3911368092734966,-0.011665793219866716,0.6422953755195779,1.0174159919989743
-0.1137294311820014,1.0,-0.49926170963020566,8.06713369481258
-1.0,-0.096588904345005,-0.19718318369162002,-3.3851022067855894
-0.6034480832338132,-0.27585268005200114,1.0,2.0001698603625773
-0.12029059259254282,-0.8290691149831422,0.03342415002038246,1.8025875375562421
-1.0,-0.40829112272960355,-0.731942777559845,0.07925522361145515
0.01514673105042963,0.4868538306786956,-1.0,-3.789541185926917
0.06585063836235028,-1.0,1.0,-6.515799962331969
0.7309267154787684,0.01709160834839296,-0.12606456273448652,2.7458805758035103
1.0,-0.08790655291458838,-0.935361989710074,7.500305269091155
1.0,1.0,0.261241757958923,13.753836293465126
-0.45593982415033874,-0.8966710991451956,-0.06893469194376878,2.901871956854288
0.3926543917168295,-0.26465712786478024,-0.13878415525406074,1.3661775939199607
-1.0,0.40628197809971667,-0.39622727958364545,-1.5907339502774644
0.287239959868802,-0.5003976366116654,-0.7023277556785636,-0.14477179833305476
-0.5105109243764803,-0.22882495361272848,-1.0,-0.5248832283417928
0.3663846159201305,-0.1963414723866337,0.687910781095751,0.8499412194440092
-0.29456605589722673,-1.0,0.3438575618442321,2.504331922117287
0.33144434714114457,1.0,-0.24594278134647118,8.646230886037802
0.37589549252655763,-0.4325311951544939,1.0,-2.4429712602219213
0.05138075469917003,-1.0,0.7547726809559243,-1.1843186415731823
-0.24953855437418082,-1.0,-0.5749743992575627,0.16708232714969484
-0.195232384487807,1.0,0.9009206445702467,12.223324151626743
0.4318824598136395,-0.1986109549458408,-0.2620935560451676,2.1144425682879104
1.0,0.014065812193384986,-0.44397616957814745,4.503028820773306
0.0033371262522652323,0.5777098285368933,0.3454294852574957,-0.34082826377610687
0.3743644251366447,-0.696573208802493,0.9458323608597394,-2.8715887824340878
0.2620517972056946,1.0,-1.0,5.424201924657259
-0.30302346878925634,-0.0608774049348344,1.0,0.3904633759995935
0.20736765799716106,0.4876353285770336,0.5351931211039245,0.8618172584057878
-0.6794335935864619,0.1289875197374153,-0.03627164815447603,-1.2907210243065312
1.0,-0.2591265056290739,-0.6300605882700099,6.3234581520193975
1.0,-0.7939325314681966,0.08690257485984909,0.17623230416257685
0.7587231642334868,-0.2625292522317211,1.0,0.573637371553868
0.8863217390446321,-0.7945184346316891,-0.7427369686250245,-1.1589095956241229
-1.0,0.9842106379802873,0.5978532904648404,0.2775792343815307
-0.43749739139429833,-0.6968699755628822,-1.0,-4.896750464955702
-0.7654630999987544,-0.5370135937811531,-0.125158227755223,0.9846101636126872
0.25746145230752937,-0.3878924881244967,0.5466386115635331,0.15745827388598677
0.9436468518339434,0.5273069391334531,-1.0,8.349414865773289
-0.4811820256946946,-1.0,-0.1943818199925751,3.2129065391081717
-0.7570593903998339,1.0,1.0,15.924035431023718
1.0,0.6966395246668755,1.0,26.19660504119196
-0.07010296857336207,0.2104549539204572,0.2757335382043513,-0.046881309076645145
-0.44331872702148334,0.35018148612233846,1.0,3.580274019009882
-0.7842611703895086,1.0,-0.32092430172498854,4.847873367006013
1.0,-0.11305817829942666,1.0,10.476829615053585
-1.0,-0.43365055125046514,0.8136837394433394,3.1100699910374745
0.13638629105549094,0.021039054534832013,1.0,0.739244612129121
-1.0,-1.0,1.0,22.455538402887747
0.0836087739171647,1.0,-0.09782696923057,7.723210821772648
-0.28124244878998783,-1.0,-0.8990939792362331,-10.238257668121662
-0.25754812573918184,0.191012932912342,0.29912582418978295,-1.1089880236588376
0.12306819444512462,1.0,-0.16117739434245903,8.470128351184627
-1.0,1.0,0.6804994463687979,1.8825081927175136
0.02475018617472924,-1.0,-1.0,-17.425588917102107
-1.0,0.198997924318993,-0.5328257783177577,-0.3989272389027094
0.25518400360442817,0.5446822279125931,0.03205337805628328,0.984958458462802
-1.0,0.4397645683178537,1.0,4.47764158801482
-0.8170390033778232,-0.38071413205008864,0.21310163857851006,-0.2152655235937741
-0.3270193743231551,-0.9140349500737608,0.4833590093898448,1.6841075103025362
1.0,-0.016414767061126545,0.784061647210452,9.215780681505471
-0.051902085886547766,0.9851071293180882,-1.0,2.252907686619599
-1.0,0.9626682284196388,-0.6943490183556358,11.59740524668886
0.2012122264916436,-0.5951352123318958,-0.1195083513661015,0.8677498650986107
0.3559765246430051,-0.24710382414720833,0.09978082996732907,0.9081959753085701
-0.7454785073573815,0.7936818421420881,0.2491986449963839,-1.0508718578630782
0.7677429019581381,-0.6007413731669295,0.5812610566962932,1.3822106404434737
0.15087436153107747,0.2606226404611591,0.1863624359756837,0.069560419202509
0.20301216751417828,-0.47069514805191104,-0.16554778097797196,0.8221870717039648
-0.9527818951457159,0.7511733569578236,1.0,8.852255377356714
-1.0,-0.3134830118756502,0.0005872128684556444,-3.1511045981728434
-0.9094021523985694,0.22609461382421836,0.6323019371829903,-3.2435977047985047
-0.14224517986569385,-0.7085985825013235,-0.22984714346499624,1.8149969454120598
-1.0,0.3674834158591085,0.475144702876807,-4.110405488354923
0.23684174089685883,-1.0,-1.0,-18.238723209330267
-0.6512904417364693,-0.169253917019768,1.0,2.650394060490875
0.014113894910221525,-0.2563746541648102,0.2671790160158105,1.3138172917552051
1.0,0.2981288619701514,-0.7299175093378991,6.202435340093999
-0.09268854257136594,-0.4197394606913065,-0.25548062518597114,1.4646259634535381
-0.9566684152866731,0.6640058338874848,-0.9286443857570026,10.764662991230857
-0.3035685046517511,1.0,-0.40230214922694607,8.177993383897977
0.5686847587699078,-1.0,-0.2743220286451866,-0.6469251574153154
0.34147392332634396,-1.0,-1.0,-20.224033867311547
-0.01447525533120042,0.5520033103386432,-0.9298150723312983,-3.112229338119771
-1.0,-1.0,-0.4572013968318429,5.572339392176966
-0.8539110079194978,-0.9429348730117142,-1.0,-0.5909447776348966
0.6238287223119741,-1.0,0.5431422029120985,-0.9042823558613922
0.7160506216902585,-0.6648628646594117,-0.7948078717205416,-1.1931051481433481
-1.0,0.2792816468608448,-1.0,14.241903899525694
0.3601442285881842,0.16200478379052874,0.4963102687410419,1.0907958345559101
0.37789893709185307,0.24572877606177101,0.5189338546367108,0.3897165933797584
0.5925424579998333,0.6942489861278065,0.05574666675747397,1.775759117864554
0.1792246034062086,-0.6749378890172166,-0.5555810807533861,1.70357206714075
-0.24448796599615763,1.0,-0.5873958605515628,7.842577763393269
-0.4034538774046921,-0.34893002894562875,-1.0,-3.023202728965801
0.40588515114715795,0.12378282071682678,-0.8363775460887264,0.8023542546407458
-0.06198098354077364,0.35234832332536303,-0.34671340988113597,0.14620732684883886
-0.12938531050124502,-0.6209751649598703,-0.028149252349230824,1.3127533314742283
-0.3403637892470237,0.316388982027221,0.7409842175671755,-0.3323780278653281
-0.9376176128272191,0.1153876647120442,-1.0,10.643325950387519
-0.3658486840384063,-0.0010574747141589569,-0.525836999095999,0.46162027186934906
0.24869779889424803,-0.30386562411451035,0.15193973683028617,1.316154637757419
-0.9455506805175811,-0.5561040815523723,0.5778016424129533,1.9133240989992606
-0.03717906960097506,0.548765253102871,0.4075263197943957,-0.17560808242122766
0.012570094531223264,0.7106420565166236,-0.4358848905330974,1.8773570406234719
-0.10757104834523878,-0.9860879211885503,-0.49598544983908943,0.28839601423919276
-0.7157062836647798,-0.3060288451556843,0.1643500319844311,0.27216286114141297
0.047636412984945586,0.19235912696719226,-0.29713791613328233,0.7201112795316582
1.0,0.1504526657310068,0.1843699237870724,6.564964270602722
0.02406233195287233,1.0,1.0,11.67102498506562
0.42093652825533634,-0.7991664705429418,0.04608029845203521,1.1783121592276333
-0.49244113241159093,-0.1692107273262684,0.04931138413423253,-0.21703876245130638
1.0,1.0,0.8568577066288674,20.89142153890174
0.5188865689684057,0.23078088436137878,-0.5246175977395162,0.2838347032373779
0.13626890572060146,-0.5592755517627612,1.0,-3.047854862496659
1.0,-1.0,0.07965973217641364,-8.270257707605262
0.9762514499701338,0.47962838895842097,0.7404628803239768,11.701904426193101
1.0,-0.23464794160017033,-1.0,5.520128264045354
0.4742878160140589,-0.8239803779665891,0.9765772887781394,-4.359479388717016
-0.2739490623898926,0.599793874649952,-0.17318562106086155,-0.09412918270014481
0.7460189810292426,-0.16327775264259548,-0.05186153263449711,2.303704591751049
-1.0,0.24284683933781914,0.13386866073291448,-4.557995032514166
1.0,0.3283904665406685,-0.7384423848325998,6.4266867721169705
0.6499138719443727,-1.0,1.0,-5.932901465288554
-0.5659941854787418,0.6952241626388909,-0.7347148778688828,-2.6993502936343683
1.0,-0.8636485131592484,-0.4571539718309736,-0.3212769581299112
1.0,0.9089424223409657,0.48158702008707555,12.419165081238752
-0.6294506268514841,-1.0,0.8279720772193377,2.546438256419619
0.444253177545866,-0.6045822331925392,-0.039987434327863225,1.7526960068276345
-1.0,0.9212519019561543,0.35286232283186236,0.49801247996047754
1.0,0.879539503033262,-0.362911971989607,11.174830674437697
1.0,-0.6083821788516721,-0.5203646994826503,4.336880460839733
0.7446928544411267,-1.0,0.005747229038502555,-2.8648958242304174
0.1670554547713783,1.0,-0.042325893426854,7.629431149810195
1.0,0.24477563183261597,-0.12325795244831506,4.84097429226246
0.5275660171870846,-0.2586096437456049,0.5534802974991011,1.1429339094599127
-1.0,-0.5486157829336278,-1.0,5.5871804922858885
-1.0,-0.6657386253282349,-1.0,4.481454512121543
0.907625017310548,-1.0,-0.4218665157908794,-7.6270704506033695
0.44517250773600825,-0.45293526308860077,1.0,-2.8718416929663264
0.7512924459730241,0.3635740832862626,0.366484275184501,2.717384106266759
-0.32156918783288946,0.39789236467893585,-1.0,-3.156039596848831
0.8642796532039798,0.7004071151082474,-1.0,6.096918553648121
-1.0,1.0,-0.09380039787185557,9.27657530622028
1.0,1.0,-1.0,38.93887241454773
0.056822627776689005,0.5254529409709237,-0.542360746434845,0.4543468358906628
0.511098188507292,1.0,-0.8849284472100221,10.395028653051988
-0.2829609777454709,-0.6307409643844615,0.4921951273608878,0.5095064023008101
-0.1645136233103841,0.17543957556091727,-0.8542420701626483,-0.8897830748524974
0.09690916315350617,0.6885870838508432,0.0027342394709792828,1.2191170178115494
-0.6535581237103076,-0.8022342286802298,-1.0,-3.1127061528832343
-1.0,0.5855166661432889,0.504618156952719,-4.352097637992445
-0.9197192588034975,-0.7861011023792057,-1.0,3.6741344512835887
-0.20571245076708844,-1.0,1.0,-5.885075374686675
0.9316548069905981,0.7555361750753484,-0.03209943916150726,6.602996845861453
-0.5150671103285827,1.0,-1.0,-0.1783571368673984
-1.0,-0.9793031986263487,-0.30536456534098,5.467500037494728
0.002601092471135713,-1.0,0.3371477925766133,1.8679695925319257
0.5102594019024438,-0.6045706466444403,0.07579522374916081,1.7584854566053907
-0.32559217362030957,1.0,1.0,15.476594542893249
1.0,1.0,-0.12814067749373015,16.17848587832166
-0.721350600921504,0.4917655941024688,-1.0,1.2810254064083197
0.9177066479744078,-0.4891114590273973,-1.0,-2.055717476764782
-0.48119632293249004,0.11156254454385661,-0.22361938536553239,0.4256290250839919
0.41074043051210385,0.20291508051110463,-1.0,-2.0437165815015663
-0.8411918023018536,1.0,0.5943393122719234,1.9232620401784044
1.0,-0.543054118842599,-1.0,1.683141629656064
0.5406449475508546,0.6995056595401907,1.0,5.546119757680715
-0.9292396460960226,0.2055968282200875,-0.11072238079209407,-3.7133838720675807
1.0,0.32355061425967024,0.24564583008610086,6.7308914618940525
0.9047619478209545,1.0,0.8808516963562485,16.857322323843555
-0.34557483592889526,1.0,0.9396283476734419,14.220759614993844
-1.0,-0.025586017001558048,-0.17726259239520714,-3.471410186612931
0.06371190941468252,-1.0,-0.011420272372501428,2.3695072109441617
1.0,-1.0,0.48912500750939625,-5.991640003861868
1.0,0.7617410127028199,0.8489824580663563,17.865945037696704
-0.20871712627329408,0.3455089975149097,-0.33094759457306977,-0.04826845234531919
0.3243479354969925,1.0,0.21334467940477575,8.092109664369488
-1.0,1.0,1.0,16.87511646550034
0.49476765386421095,-1.0,0.3541792589259467,-0.21323271898460405
0.15187262632743836,-1.0,-1.0,-17.736907345978377
-0.007764867529185926,-0.5030881894221004,0.7694867902661975,0.6538718929258227
0.22615492512512336,-0.9157370881202145,0.057820914557403125,2.073041588058012
0.232625444947685,0.3218602235247481,0.8957255015129064,1.2338583594922956
0.7012981969284819,0.5028798571491118,-0.18636963341478419,1.021505371059945
-1.0,-0.10480022153013402,0.47032102153040656,-4.050452899626032
0.6977646521240659,-0.16898981504835975,0.6698390485295658,1.421737642063416
0.2038352355527584,0.014391118646577494,0.26100020640480337,0.745304109222128
-0.5544352909559553,0.24155558635527674,-0.14730062356453688,-1.1550090475335417
-1.0,-1.0,0.6686190780150774,15.050291230944179
1.0,-1.0,-0.593944745646229,-13.431246645006809
-0.8554068868385285,-0.5774899039614658,1.0,5.7343237222983285
0.6620956757842997,1.0,1.0,10.612896595477334
-0.9994995248968142,0.5392255210208403,1.0,5.850366516540508
0.2798505108206053,-0.5154819836077533,1.0,-3.1232959518133017
-1.0,-0.9288662275065036,-0.7569037895645316,2.964350448177921
0.7091364274655314,0.05542361277859653,-0.8959775063865107,0.4265757478506862
-0.5460122255858912,-1.0,0.12079397448825335,3.692323539536378
0.3986436441104195,-0.2947024314703157,0.9449854320907889,-0.6936351058796238
-1.0,0.8901998226145191,-0.2613782933803759,6.052325116110213
-0.23404014117820449,0.5876093581143116,-1.0,-3.56836738493537
-0.2118341847335663,-1.0,1.0,-5.28531972017576
1.0,-0.15374946852545057,1.0,9.859607788232239
-0.8669157103449152,-0.3087253096767444,-0.9627164988882086,4.80101335053071
-0.9009531847906112,-0.9706582317853489,-0.5544830821349025,4.048124979790627
0.3870050216486334,-0.6208216178704462,-0.11613719485927909,1.1184352291968265
1.0,0.4044960039543375,-0.007058347856680358,5.778910398025763
0.47680834492635205,1.0,0.45981642128350897,6.571168315212326
-0.3949641493266458,0.36573036452986796,0.5858069822902445,-1.6229555907786453
-0.4455099293461102,-0.9529193480573488,0.29720295429642607,3.143386051992598
0.24511854793716892,0.22457679442104395,0.6363756689872995,0.6201468548125932
-0.16859676837959348,-0.9820939072432227,1.0,-5.759688084815073
-0.036923313891577214,1.0,-0.503943948671495,9.435245222820402
-0.05073753994123664,0.6998324993074361,0.8017850751733924,2.6128296248126595
-0.8025932942297065,-0.614297532664634,-0.7864896371973873,1.5618785447618568
-0.5925402327771565,-1.0,0.5667131600682622,3.790015328602418
-1.0,0.8658546758889729,0.7689079142768334,-0.1267199236125583
0.1589240600387154,1.0,0.5086524665647503,7.915464042164842
0.9122779010023692,0.05220461275486543,-0.4350834467159994,2.963561432963709
-0.2432655688283385,0.23200591770743406,0.33640759200918113,0.4276110920010366
1.0,0.46764504984806043,0.02344746361012473,6.5691859429410115
0.36303573712567117,-0.04192167146914527,-0.402225372765187,1.8299323134133805
-0.1031743323709815,0.313499743103721,-0.6579646850395136,0.8589741684022768
-0.7102136686066205,-1.0,-0.5765377526136961,2.8902809630793795
-0.4449694488170235,0.8020497939560725,0.38207765307692476,-0.0385548773027965
-0.8505143138429527,0.10983983928353602,-0.39466329876180484,-1.1637462347530256
-0.41305030313968283,0.18169392346834634,-0.378731047082693,0.34981340145015927
0.532719054226513,0.02461292979436447,-0.5417897962561471,1.444083327313695
0.05670113896861806,-0.13378785006639649,0.25732630523652156,-0.09681531967410839
0.024274502878787407,0.0769999780731716,-0.22566350650524036,-0.42048108450479005
-0.10314917957664504,-0.16089291307925158,0.3583876711834002,-0.11216640697916569
0.9463534917737639,-0.4905747644259768,0.20955323780647395,2.7108873890508547
-1.0,0.5618439444008188,-0.9339126357169043,12.823526483012454
-0.4388882867387265,1.0,1.0,15.571594079147264
-0.2004354849058625,0.8162601958722193,-0.5161112381441819,2.104322020674882
-0.4762424140350576,-1.0,-0.2211788220613864,4.3693221057407525
-0.07618300119964205,-0.8564465330572424,-0.6189028732795527,0.613047880445994
-0.21227716054658807,-0.7260582118010479,0.194714033886227,2.1248229111360755
-0.10637705177150392,-0.028888340418497194,-0.23969989617729603,0.2611699745040755
0.9189916029650653,0.14680363441993594,1.0,10.324580327555006
0.07929028346914913,-1.0,-1.0,-17.485907026596855
-1.0,-1.0,-1.0,2.7323858335264224
0.4061473572937222,-0.791731949278734,-1.0,-10.926281764979034
0.07398949795408982,0.5828974730416665,0.845773992199645,2.517333735928575
-1.0,-0.6596628087488892,0.6719357151648664,6.100249164123576
-0.5968269259530408,-1.0,-0.77085739887781,-2.878674834050773
-0.05511706753361034,0.7029746093129812,-1.0,-3.532549006494974
-1.0,0.020411712810878058,-1.0,11.44045677615437
1.0,-1.0,-1.0,-29.763156688515412
-0.7140392348968367,-0.8107591461225718,1.0,4.199825196154658
-0.20434267933089734,0.3511390504642824,-0.5995878048272167,-0.08150264199431148
0.42527507297202516,0.5839279121269043,-0.017598254229167942,0.8684766486164776
0.8346469449105645,1.0,-0.41556524386804194,13.118573217273193
-0.7476092232386504,-1.0,1.0,3.3762513124046527
0.38365936067025963,0.4777788448579583,-1.0,-2.395918714058695
-1.0,-0.24884566120602836,-0.8302627369141247,1.5209339649833464
-1.0,0.38385181632441445,0.39214617309622946,-5.070661689974293
0.6051097171452031,-0.42684667002992893,-0.5961021809235603,1.4280843463316755
-0.7708491829352708,0.8780615066998168,0.08781409168461551,-0.6610994892788954
-0.6580295457785819,1.0,0.3174724455137665,4.963980588704602
1.0,0.6177487621421165,0.03485173604822922,7.487460547990266
-0.27413324782573656,-0.15148672089240556,0.01710638844117085,0.4728554064656853
1.0,0.2164758796740509,-0.03077058532327137,5.673887486963553
-0.9509046716096479,0.43600249766458843,-1.0,12.640759306580772
-0.02651543397584688,-0.02671662543836195,0.37547430734708476,0.8451227968046902
-0.13637088863818758,0.6816820689948637,0.4532967229152549,1.3602109886084937
0.09895712355903385,-1.0,0.6316810332238645,-0.43112572020202766
0.1362797065629331,1.0,0.9599353765483365,10.887262295191377
0.1409860753668426,-1.0,-1.0,-18.621513117403904
1.0,-1.0,0.22791641242767158,-6.9031403024075155
-0.339323732318179,-0.40794366957546213,0.40004754345956983,0.36551381331490357
-1.0,0.16870085601743967,-1.0,13.404159733294565
-1.0,1.0,0.0615759748051683,6.920579810082405
0.5304026398095505,-1.0,-1.0,-21.865527325771158
-0.1654373879624116,-0.04573224876900284,0.04908082905901234,-0.3903834884284376
-0.23847874777519928,1.0,-1.0,2.7648334663316443
0.06355853563806058,-0.2771502325066111,1.0,-0.9833713816081703
-0.4199295413598858,-0.9524175022513448,-1.0,-11.339577624761858
-0.4207673330664281,-0.14508562146305537,-1.0,-0.8459037502476427
-1.0,1.0,1.0,17.911031456772992
-0.046228203166678083,0.812606751304868,0.31254999696442787,2.3435264835455927
0.6932938439636154,-0.33000440090956595,0.5412608608567637,1.7760068575631502
-0.4692443275622644,0.7137255703309586,0.563675001391752,0.6701107693421682
0.28393980486253967,-1.0,-0.44923488793661015,-1.1991268142170592
-0.8505688437788677,-0.01823118581650518,-0.5820483042495206,0.4193439513350337
0.7930720975131105,1.0,-0.6620988288086955,14.748839237300935
0.08239355324952125,-0.9093936367118218,-0.10425565377845114,2.740591123308024
-0.11326100515631321,1.0,1.0,13.256228671353307
-0.6400821494652382,-0.037157126427067144,0.5156532292737412,-0.5211117246883689
-0.7711795335174203,0.6234368171626861,1.0,5.905095352486005
0.1154582181165138,0.23956854469249356,-0.32756632151402565,0.7239933127726437
-0.6121395797085789,1.0,-1.0,0.9501476850579778
0.40781053969191605,0.553152216991988,0.06640443738439061,0.5426990944990011
-0.139951820619026,-0.06914456315429351,-0.41351486150774686,0.5861519929801928
-0.8041908986313684,0.646557062710269,0.47360892925608034,-2.843103242588157
-0.340150542083969,-0.6952613628016666,0.8124326920583695,-0.8930230418345102
-0.3813483660594492,1.0,-1.0,1.5481389587698133
-1.0,-0.5291026226793287,-1.0,6.179716768720081
0.20727071768432248,0.17332825432502852,-1.0,-3.0413033582519615
-0.5553092270853945,-1.0,-1.0,-11.283482127723389
-1.0,0.005320409619901545,-0.20319688229827837,-3.9457408094006645
0.6468756006776188,-0.5121200223735958,-0.20114767016612745,1.2319211974466844
0.41610936227113204,-0.6530139912129427,-0.43042967084686024,1.5615855909052558
-0.5087364356173143,0.22673711708474453,-1.0,-1.5631187916647618
-0.14096311677030826,0.19826947537169426,-0.4138658452191111,-0.16318283695862068
-1.0,0.22781607985693775,0.2623755778402981,-4.7074523783101005
-0.069459942373846,-0.6973291667959856,0.29626899564139575,1.6233441400340147
-0.6973271944491166,-0.4597780966162974,0.5197452666956328,0.29465766753267464
1.0,1.0,0.05654553252916994,13.871097024167106
1.0,-0.41185903716315564,0.7520280097760776,5.805978636132398
1.0,0.7596312445605957,0.11779026853746499,8.872223943333399
0.1471723538368892,-1.0,0.17717778896877046,1.6595634793391267
0.8262343816646813,1.0,0.8584007409539076,12.836536301565753
-0.6672781400058903,-1.0,-1.0,-8.468540485339288
1.0,1.0,0.5442036611801242,14.072698724108603
-1.0,-0.3535164100819521,0.5462176742206741,-0.6622797189129921
0.7823656994962016,-0.2779693569195383,0.12382641425756136,1.7956088492487305
0.4475784757905752,-0.2895016760716149,0.05950992755499751,1.5158730293645237
-0.5069933307616052,-0.9798897001996241,-1.0,-11.406594290460296
-0.45509915925618794,-0.895505229481161,-1.0,-8.709262530876913
1.0,0.6888996478703613,0.573586441908746,12.535146972786588
1.0,-0.5676216413534483,-0.21005157964859755,3.3462980253792574
-0.8231344340707611,-1.0,1.0,7.6250007258718435
-0.23086447972981827,-1.0,-1.0,-14.905655574495157
-0.10664231219588638,-0.8577169205615698,-0.038530478739852825,2.4457226678663018
0.9181103433627826,0.09207065058946284,-0.9498396350594389,4.804433328599105
0.9776770009116258,-0.8311505740841187,-1.0,-10.186178348558228
-0.14879965268769157,0.2550843384288961,0.48405165303662767,-0.404191759349126
1.0,-1.0,1.0,-9.800415145877732
-1.0,0.9477869567379422,-0.7519875160530594,11.569316506311472
0.1095749110527513,-0.2415040131349846,0.5324471486304811,1.1396010314375018
-0.49641707477083097,0.5819670826592982,-0.012929955831574524,-1.2006997224901899
0.03794704919737901,-1.0,1.0,-6.844470045814783
-0.3916422835814952,0.41797233310714943,0.2733883406088542,-0.7453138192452393
-1.0,-1.0,-0.5551350273826259,5.164229409296431
-0.42269058261413583,1.0,0.35027660049255527,5.60206350924488
-0.14015014260084424,-0.633516636617403,-0.11668997472631948,1.7482810115441625
-0.6522937945459726,-0.5106172032555909,0.5939585127661362,1.4395907704270923
1.0,-0.49790872360373584,0.6974713617896935,5.033812784649249
0.02695329600424068,1.0,0.2608948948932819,7.9579057375895506
-0.9274418788132033,0.8530138663285347,-0.13071572302938717,0.8828214102594989
0.7957399568147787,-0.5875943532941534,1.0,-1.545188921006924
-1.0,-0.40133002181754196,0.40704467905609576,-0.8408271397610556
-0.5598893397707527,0.11387706384515184,0.24024250300836258,-0.8133719650186639
1.0,-0.7530781984904764,-1.0,-5.212392380487135
-0.14865147557658442,-0.11297327931481549,0.28226785808288457,0.6038581235451015
-0.24852715427620709,0.06227062794406124,-0.520590561092821,0.027294069034927176
-0.10188314503973062,-0.9559322663056062,-0.6674727808908045,-2.6736046360642303
0.4598020581969271,1.0,-0.5153970450119234,10.8458136250488
-0.4760427896645929,0.7186484336653318,-0.8276915842761985,-1.7391624251164235
-1.0,-0.9919663188369776,-0.6595262340984676,4.090839998710469
-0.6270069555972353,-0.32799093471148,0.5204904358674451,0.4656322122366017
-1.0,0.45351073828782673,1.0,4.367766849409777
-0.35275500390763836,-0.6564850844078769,0.17027189304657386,1.1146339941820795
1.0,0.02527316050153816,0.44875296030553025,6.715007100440387
-0.23218319832118262,-0.2802974760426682,0.46924171039313256,0.40381464946658224
-0.20791516420010536,-0.12658892958556955,-0.2578873803983568,1.381835184200086
0.442983134340182,-0.7822904232300458,0.012532681230192466,1.2427332590837745
1.0,-0.10111500930141881,0.066857826557855,4.327335461232749
1.0,-0.3482761811350872,0.1843765599013154,4.74899563275705
-1.0,-1.0,-1.0,3.057690157480547
-0.03459942904391489,-0.5074777294266384,0.21485604058662866,0.36904371370445715
1.0,-0.5765918797703633,0.2104584587820617,3.471809344458536
1.0,-0.11825453813874742,-0.9513712144821433,7.626783371123639
-0.2630455144893631,0.0749006283304201,0.3858482574706783,0.5373022755254226
1.0,1.0,-0.6591942226992678,23.995769274346127
-0.9103262089768145,1.0,-1.0,10.405900060994178
-1.0,0.9947714574925617,0.1983250456575265,5.1143213855902765
-0.25351393908641806,-1.0,0.5484684015151782,0.8118217951574478
-0.5920368484714911,-1.0,0.624950163898534,3.7037632686237694
0.12941685771403244,-0.8624326534966638,-0.07504488887248284,2.1746005336295053
-0.3051730305229381,0.2810441456756052,-0.46212662337867894,-0.25500962542485817
0.08727149465414397,-0.06031558121662317,-0.22465925525163732,1.1723397919689418
0.29460275047754125,-1.0,0.733277878501172,-2.1545346181020886
0.8245623402241098,-0.5061767084255193,-0.8380581124694015,0.45592786981422273
-0.06549493808981599,0.3861912109160981,-1.0,-4.039018593446018
0.9880637138591484,-0.6900604332060323,0.875718935503832,3.2835403945943478
-0.8655630128993894,0.6697516511317239,-0.2953455938882126,-1.6489560955299958
1.0,0.9251391176135324,-0.13236970043401697,12.056119854377974
0.1823257818642119,-0.800275143477865,-1.0,-9.598439565836408
-0.4670169693396087,0.02963588891368163,-0.30448423058734964,-0.6462117939233802
0.834391682593669,0.6124715378544023,0.7426900557733547,6.849617626489649
-0.4938470203741412,0.7034369707667503,-0.06551987465714149,-0.9966227442213328
-0.01369856805562586,0.6436307520873215,-1.0,-4.22865445041794
0.9771634462390695,-0.678976987127613,0.3439797224863259,2.1207397369750627
-1.0,0.005510458267264262,0.19771976004799408,-4.513810043619462
1.0,-1.0,1.0,-9.638401321639769
1.0,-0.24493183027960286,-1.0,5.281180987775084
-0.017988100556873388,0.04259121888969841,0.05021621921396413,1.2107269449887057
0.7035735786747597,0.03705588836727425,1.0,1.6695290821376532
-0.7416003712714225,0.1374162515867967,-0.49071585922143024,-1.0525357992296465
-0.0724656497850713,-0.7233504249710192,-0.01705397210553805,1.3715586764437462
-1.0,0.5085371576868143,1.0,4.658802109642339
1.0,-1.0,0.5087120277766533,-6.39631247874882
0.3722673994099963,-1.0,-0.636823475891269,-4.143513128136711
0.5680899025006507,-1.0,-0.2133078058762441,-0.7959631474380506
-1.0,0.3724324077568544,-1.0,16.045945710167025
1.0,0.3486893134517308,-0.24728995350985894,4.8827025611485055
0.1870666449412468,0.38857126592455327,0.8882008204132881,1.0262434139495982
0.5860845001609467,1.0,-0.3391383183881136,10.257138345465185
1.0,-0.4368831352470717,0.32829258402459693,4.753805906153564
-0.23342723016461564,-0.19292077208484337,0.28931903655165647,-0.339671292713704
-0.33114050074566803,-0.8857229265562356,-0.6846409805883458,-0.5664782721960756
0.602133209700898,-0.3969399895101393,-0.20699179569286663,0.913747538293011
0.1605584323275775,-0.14442924857126127,-1.0,-3.82171151655774
-0.5091898432156683,0.5414153453118762,0.15589565948537243,-1.4408231827988949
1.0,1.0,-0.773610091287348,29.183051379597885
-0.18637823576467194,0.7517948141845108,-0.5381518613270531,0.9498014057262777
-0.5357457094271239,-0.9392168416823672,1.0,-0.6563845577402212
-0.20490315766448375,0.5272514340189443,0.559791121113477,0.603857387783767
-1.0,0.02087911895943284,-0.03070219804565011,-4.325906416278773
-0.38442107090533106,0.22400901775879767,0.6036785148249941,-0.5575498401982901
0.0027941375228792698,-0.44778954074385124,1.0,-1.8065289109232583
1.0,1.0,-0.6426503983846903,24.591115638520883
0.9719045781528837,-0.8841085708274501,-0.5535333864099283,-1.9587255204558338
-1.0,-0.31934099182971165,0.8015131337333121,0.9042742782520465
0.15460579672929264,0.028322106606915698,1.0,-0.6301086324301054
-0.9483495401897615,-0.8491780633143089,0.2102804997798995,5.947292823297032
-1.0,0.5248476250737915,0.7038357148354346,-3.8700425465045747
0.23501806707768957,-0.5375906785546152,1.0,-2.632466159897088
1.0,-0.319441887478946,1.0,8.42743973884095
0.37745213128396515,-0.19173136761762977,1.0,-1.007409296273193
0.5872903568189878,-0.09051319054947893,1.0,-0.7215547200637596
-1.0,-0.3715034219261668,0.17855820509344533,-2.6404811892226645
-1.0,-1.0,1.0,22.217159479841747
-0.15205314946135462,-0.3363328717717735,-1.0,-3.99807243332347
-0.2794453749720631,-1.0,-0.4404374707276857,1.0747772134144244
-0.8511482572356552,-0.600127315359186,-0.1224247454530869,2.126234900156452
0.18775292880100958,0.09222322736843513,-0.9739548924418477,-2.145823064038117
-0.020565652986496374,0.7865399180144477,-0.0013157363413978107,1.946076201013005
-0.11495831298384052,0.48417423194929277,0.42490013870820187,0.11764288655288456
-0.0057678713664846,-0.17059091272074212,-0.8273593876698595,-0.743496675567394
0.6232435036094126,-1.0,0.4595185309080798,-0.6234313942855474
0.8090910028720895,-0.4032866404240867,1.0,0.19177312574615674
0.4638136246484137,-0.23396218377342204,1.0,-1.9384483599570792
-0.1694585123334278,-0.5069331698647992,-1.0,-4.992859137921396
-0.8554676577370737,-0.7818083866650214,0.1797656414174107,3.67039799618997
0.10672646210559122,0.4594744427091093,0.15737199374587885,-0.09990591149815908
-0.1878849230662898,1.0,-1.0,2.945414526240734
-0.6748765787829689,-0.01574674165493395,-0.41737694112999213,-0.11479536458226086
-1.0,-1.0,-0.7801413037317144,2.6904373292372736
-1.0,-0.9311219452979553,-1.0,4.410483205021257
0.3682289728579877,0.4580377622888476,-0.2842230204373284,0.8736514476708224
1.0,-0.7092587273991728,1.0,1.0368722964065649
-0.4538651698030045,-0.8773235721168591,-0.8037987241769293,-1.9663374933138458
0.3934178477896193,0.766915393359028,-1.0,-1.9467259086310265
-0.45933658240099096,1.0,-1.0,0.7786995841702989
0.22723494629406527,0.8530368311563459,-1.0,-1.605090327850842
-0.020447004507505806,1.0,0.006475593547367264,8.517465198846438
-0.03611936341971833,0.43555321028804506,1.0,3.061808677265769
-1.0,-0.6171989536284883,-1.0,4.385248952463052
-1.0,-1.0,-0.029604670794122434,7.391971289855974
-0.6839496305065516,-0.323650245060515,-1.0,0.647344218739801
-0.3632366306579815,0.26203963368944105,-1.0,-3.1369473426671397
0.8137943060177228,-0.6111152542146063,1.0,-1.2682901989678634
0.4595258804545894,-0.2069802887326997,-0.3037956736044818,1.3510753065534782
-1.0,0.022205926154296618,-1.0,11.16615624354937
-1.0,1.0,0.012849133193760354,7.66886098585793
-0.10469088523284542,-0.7938398909238709,0.656314082033123,0.020318689858143668
0.9745421368781058,-0.22997654662563982,1.0,7.299945288814777
0.49483884230427,0.2933836180235261,0.6308796197913666,1.3686189544523888
1.0,0.04688914723839921,0.04995772484117866,4.813586871482349
-1.0,-0.4933369435557813,0.18407913714526014,-1.5645195884834762
0.5331588193158017,-0.05981919071658259,-0.5755672508757874,1.3871128987184476
0.008249038994937896,-1.0,-0.5143434461508878,0.007802563470921842
-1.0,0.4581777585136386,0.10081617750481686,-3.5484378370217446
0.39989664331740893,-0.3200852957309437,-1.0,-5.000420287317873
0.5894891150300459,0.5421450936326746,-0.03888177588338815,0.6291008232718186
-1.0,-1.0,1.0,21.829784553821032
-0.6982262744634038,-1.0,-0.2260827291923866,4.909904855094882
0.3128029642856365,-0.5488955447171135,-0.2844024118184374,1.40510519228189
0.01318227089538837,-0.9590089249284939,1.0,-6.365494233661705
-0.1239622832761531,0.34467059030387714,1.0,1.6462662421595748
-1.0,0.8239318000342317,-0.06378790251453936,3.0895765388391045
-0.6596605046899084,-0.28969942937298976,1.0,1.7725388507949376
-0.7345549382849277,-0.4918116388729121,1.0,3.4933223317332636
0.31931886023623557,0.24019150410097723,-0.25668453963254834,1.6201168477212007
-0.23048977037623963,-0.5584179608471687,1.0,0.45903423427753864
1.0,-0.12487658962958004,0.6404402754495924,6.8293335711840815
1.0,-0.3769271764233353,0.051780731167289984,4.51445796597734
-0.1316655474302313,0.049474165283768246,-0.4992302898736285,0.016954982611646074
-1.0,-0.25150240294883264,0.2828578457520994,-2.514790406153504
-0.3963264019211403,-0.9696666261550857,-0.1058462140498857,3.6036331998755062
0.32022455455327026,-1.0,-0.4365737323660428,-0.1770713000978037
-0.21555541235783027,1.0,-0.9354276488820401,4.740235839472696
0.5117979255106508,1.0,-0.12697288636518445,9.294818141400082
-0.5742937690575651,1.0,-0.7748805899645599,2.484363030085211
-0.8946279499256393,-0.2750664308566215,0.6451753004236487,-1.3419419275602595
1.0,1.0,0.44088221682056505,13.67406821518302
-0.4408284883801665,-0.34663966814351954,-0.32417468694415974,0.6110298097934976
-0.3471973436176543,-0.5364941499417661,-0.3124723041246644,0.8801815134367221
0.06726819004668139,1.0,0.8038366888694528,10.29515011058385
-1.0,0.6873914980442641,-0.12998791091887796,-0.38687211903639396
0.2214700664970215,0.6222408805816104,0.6151127224598332,1.2277704973611248
0.9669467725075269,-0.08842666138105537,-0.5225817421334957,4.616323247875657
-0.2929571528673389,1.0,-0.5093276645377167,8.236290668009536
1.0,-0.4842541921408663,-0.3567968985848593,3.5918266627690913
-0.015688091347847433,1.0,-0.135820599188879,7.277411984680521
-1.0,0.6790662341256091,-0.04197407457366831,-0.5169462628574046
1.0,-1.0,-0.8407745178872406,-18.542955219283378
1.0,-0.2846151074748946,0.10804109688558694,4.010645069564999
-0.6656121023058221,-0.6704466623689138,-0.06354194831013715,1.7385559330615354
-0.2410860531355925,-1.0,0.3908634660649286,2.0268965701300647
1.0,0.14623543074584666,-0.252748141815909,4.3322253735821645
0.07740554045924797,-0.9449670523050993,-0.17157196682569453,2.416791792083938
1.0,-0.7367820140440531,1.0,0.9374509355534921
-0.08174610637657431,-0.37750694250076977,1.0,-0.343346796343475
0.009839285224979122,-0.3080672019715711,0.7754987986884574,0.006648656107165252
-0.9686050351583437,-0.4057174246500086,-1.0,5.913055027886804
1.0,-0.6674379224311615,0.9691201959906268,2.9116776656405476
1.0,0.2356040308700098,-0.3170530213724021,4.737667001573939
-0.2456145325170498,0.49392574877068607,-0.7449094201397084,-0.8397160401364185
0.3617433966209591,0.7372174266330618,0.9699808926597959,5.31250378877249
-0.2899490958615132,1.0,-0.6768694080571322,7.013999330177177
-1.0,1.0,1.0,17.110428050073107
-0.15760890444949593,0.015470111726402003,0.6343453011563807,-0.09026486901275403
-0.19375182425178017,0.44550564784917324,1.0,3.744288586899963
1.0,0.5705522245253865,-0.45399904192715246,5.360339521620122
-1.0,0.20195952087364244,-0.52215560071236,-1.1882742098973589
-0.9992248655502141,-1.0,-0.7758593511320744,3.6194882242783284
0.8562793416500543,-0.006964090828735836,-1.0,1.5633052622059311
-1.0,0.18320548071458953,0.7174980577291454,-3.52847479883766
0.12695793116933962,0.47675996005514465,-0.5804817131646289,0.17012484121179317
-0.7072549409172695,0.7218976369951042,0.5499383450864688,-1.9843139565115027
0.012528299609692706,0.23712208325064754,-0.8985129818017843,-1.4142263565228657
-0.12803821866845477,0.17510054301004496,-0.9355034571900591,-1.5068956136381926
-0.47145289904577625,-0.37877826104229206,0.4029918403094199,-0.41347629297025645
0.02225426743671388,-0.6167081255824025,-0.6914356502472583,0.07135549117169887
-0.07022999762194382,0.04896500498484824,1.0,0.13541790388474056
-1.0,0.7298474981630856,0.3407307580644192,-2.545186066682181
0.34558382997870307,-0.5718023043107459,-0.7738432101093735,-0.5614121913152476
-1.0,0.8705641799019546,0.04040041683482287,3.5411134443083565
-0.06752343978035413,-0.22587087865697986,-1.0,-3.5000653387295833
-0.07401100447917597,0.5633679189617451,0.14387821500513986,0.4843141857045788
0.6446353289677462,0.27926020216788205,-0.4212280814758129,1.68642340188894
-0.8900555074141878,-0.338115220844458,1.0,4.925446569861489
1.0,-1.0,-0.289859412246231,-9.842768109768414
0.061093391480496306,0.46392961287242573,0.17424787370331152,1.0981245415751548
-1.0,0.7862889943046212,-0.05069511551633754,0.9161874724573971
-0.4045526483680195,-1.0,0.05238594234954297,3.4162321113840135
0.3414061362954859,-1.0,0.40344756393136194,0.24174411341810564
1.0,0.27368850171396475,1.0,18.176300096098014
0.15849520977128573,0.2986070348879257,-1.0,-3.899231779713489
-0.4208942710706931,0.7238294026020504,0.023269971753594687,-0.2704061615024692
1.0,0.9990566287100366,1.0,26.382346002352634
-0.31721661618170915,0.2971603336059343,0.21066324214581522,-0.609655981008948
-0.20713862966116237,-0.8009162165077295,1.0,-2.1873638582323
0.029312115647293968,-0.7819886333486692,-1.0,-9.923913222764284
0.733419629689841,-0.17658876302002247,-0.586348321048666,2.322418507450328
-0.6712554500299721,-0.9526644473537151,-1.0,-5.148260385738078
0.024484153227342098,0.4084331691632739,0.8926202906667331,1.309493026854953
-0.7249246356364203,-0.9598574427359259,0.7074322482153177,6.400858848362258
0.6652052335163203,0.3936522226244299,-0.7296506322315515,1.358528742064139
0.28460313518180436,0.00825071234874053,0.774961461377164,-0.21964999572324928
-1.0,0.4214289630093344,-0.3841812395506057,-0.6865609586923022
-0.357619762810639,0.6120516760588832,-0.4997289438357846,-0.9056909057520612
-1.0,0.020227915241267436,0.8843074413069951,0.11346710059860152
0.258831926308962,0.5249617139958047,-1.0,-3.4239916738097826
-1.0,0.340780983979986,0.17172386857662625,-4.994614351466072
0.3136667999608722,-1.0,1.0,-6.6398712987029125
0.6248507647750348,-0.38979369020812404,1.0,-1.8171502452174333
0.6574988637646841,0.6038088616031101,-1.0,-0.8361042100969958
0.42487904806527244,-1.0,1.0,-7.2192101464188525
0.46984878780059103,-0.2332913564393746,0.24310844333508097,1.16375535371617
0.14196931936726087,-0.9780923955753891,-0.9630788089710642,-14.476377407998179
-0.10287858364233005,0.8910347725889753,0.49074037379918467,4.317980024717275
0.21203111151950593,-1.0,0.8229658256457946,-3.7615813203459205
